{
 "NT": 42,
 "feedTray": 21,
 "feed": 57.5294,
 "xf": 0.32,
 "hf": 9081.3,
 "p": [
  102890.0,
  102640.0,
  102390.0,
  102140.0,
  101890.0,
  101640.0,
  101390.0,
  101140.0,
  100890.0,
  100640.0,
  100390.0,
  100140.0,
  99890.0,
  99640.0,
  99390.0,
  99140.0,
  98890.0,
  98640.0,
  98390.0,
  98140.0,
  97890.0,
  97700.0,
  97510.0,
  97320.0,
  97130.0,
  96940.0,
  96750.0,
  96560.0,
  96370.0,
  96180.0,
  95990.0,
  95800.0,
  95610.0,
  95420.0,
  95230.0,
  95040.0,
  94850.0,
  94660.0,
  94470.0,
  94280.0,
  94090.0,
  93900.0
 ],
 "alpha": [
  0.62,
  0.62,
  0.62,
  0.62,
  0.62,
  0.62,
  0.62,
  0.62,
  0.62,
  0.62,
  0.62,
  0.62,
  0.62,
  0.62,
  0.62,
  0.62,
  0.62,
  0.62,
  0.62,
  0.62,
  0.62,
  0.35,
  0.35,
  0.35,
  0.35,
  0.35,
  0.35,
  0.35,
  0.35,
  0.35,
  0.35,
  0.35,
  0.35,
  0.35,
  0.35,
  0.35,
  0.35,
  0.35,
  0.35,
  0.35,
  0.35,
  0.35
 ],
 "ref": {
  "M": [
   105220.8759162414,
   3306.572489455633,
   3327.124716862122,
   3352.6805177407427,
   3383.7935162361655,
   3419.7725522319893,
   3459.062260751328,
   3499.466841476192,
   3538.6277922484396,
   3574.54515995989,
   3605.916979023927,
   3632.207614696661,
   3653.5071232943933,
   3670.305204232498,
   3683.2788577522456,
   3693.1393857873695,
   3700.5431302981024,
   3706.051281477203,
   3710.1206812562855,
   3713.11108931213,
   3715.299363673619,
   2738.5197166938024,
   2739.7453558536868,
   2741.619823418453,
   2744.360641210648,
   2748.3543947804365,
   2754.1542011273664,
   2762.5407982783545,
   2774.598129632321,
   2791.794857858701,
   2816.0503605048725,
   2849.7413197400024,
   2895.5780539266234,
   2956.267915129754,
   3033.926371355614,
   3129.329438832765,
   3241.281540759195,
   3366.4422054026227,
   3499.775905246882,
   3635.4617072086626,
   3767.8945025158105,
   4222.219800153042
  ],
  "x": [
   0.016769587608246594,
   0.03488922762465865,
   0.05168223302643671,
   0.07261978517950292,
   0.09751726587953581,
   0.1255497458407767,
   0.15529539599397144,
   0.18500535949663074,
   0.2130031072903069,
   0.2380299018165547,
   0.259402819251394,
   0.2769773320305879,
   0.2909959670342604,
   0.30191505175801886,
   0.3102652061277966,
   0.3165619053109222,
   0.3212596000826776,
   0.32473559704152266,
   0.3272909772719541,
   0.3291595644110419,
   0.33051953724926225,
   0.33041675424583467,
   0.3312546202767634,
   0.3325378840895147,
   0.3344497327912647,
   0.33726769704078097,
   0.3413840882643027,
   0.3473441540352552,
   0.3558876448761364,
   0.3679826608244279,
   0.38482865423664536,
   0.4077895725141982,
   0.43820795169421856,
   0.47706942151589177,
   0.5245629456656281,
   0.5797064470215557,
   0.6402820706395392,
   0.7032149768082738,
   0.7652578461554739,
   0.8236526897904605,
   0.8765095438067524,
   0.9228587845438685
  ],
  "T": [
   369.81761922287905,
   368.7366231265176,
   367.75591637118157,
   366.58260889764256,
   365.24557997579217,
   363.8045989937615,
   362.3404644770718,
   360.9364437800332,
   359.659500871384,
   358.54959168294755,
   357.61931199148614,
   356.86051571066076,
   356.2529663111854,
   355.7716725144151,
   355.3917384110654,
   355.090932872363,
   354.8506661492265,
   354.65604114886855,
   354.49545822062106,
   354.3600632502261,
   354.2431917580352,
   354.19564692334114,
   354.113816244841,
   354.01577464313414,
   353.8949713931068,
   353.74156131431545,
   353.5418113317928,
   353.27700880826933,
   352.922508842291,
   352.44748998121935,
   351.81641236302994,
   350.9935296942448,
   349.95152622418715,
   348.68357614103763,
   347.2146547088231,
   345.6049540538094,
   343.9401169502917,
   342.31094776857293,
   340.79276498454215,
   339.4338215533285,
   338.25477206146206,
   337.25502538085925
  ],
  "y": [
   0.051909563543685366,
   0.08454312392526543,
   0.12535546297193143,
   0.17400669166742808,
   0.2288991165071714,
   0.2872359849897585,
   0.3455571927870346,
   0.40054117597537464,
   0.4496978192846327,
   0.4916815135979978,
   0.5262121455281636,
   0.5537714281425853,
   0.5752590728172764,
   0.5917180462285637,
   0.6041595739221052,
   0.6134739860791601,
   0.6203998064674382,
   0.6255259997227091,
   0.6293097848108655,
   0.6320994917751388,
   0.6341569824387299,
   0.6345866109696213,
   0.6352172096581978,
   0.6361488550892006,
   0.6375147255014366,
   0.6395027439210863,
   0.6423740513603466,
   0.6464829282980232,
   0.6522931238977616,
   0.6603797582514908,
   0.6713986143214713,
   0.6859999956294893,
   0.7046728087582856,
   0.7275386887520294,
   0.7541720285755141,
   0.7835572166873411,
   0.8142495302160127,
   0.8446866342267233,
   0.8735054746646697,
   0.8997387097766115,
   0.9228587845438685,
   0.96
  ],
  "V": [
   40.74890320732226,
   40.66660429570387,
   40.537285842158,
   40.407606761301054,
   40.28805817764766,
   40.18710859851873,
   40.108605425671335,
   40.051449666319236,
   40.011328689534885,
   39.98300140663546,
   39.961888037810155,
   39.944676535317704,
   39.92927037830717,
   39.91447970830554,
   39.89969944700833,
   39.88466465095596,
   39.86929126982254,
   39.8535822784354,
   39.83757645937603,
   39.821322492690456,
   37.55218358296562,
   37.54954299772973,
   37.54888548220854,
   37.54887650117561,
   37.549779328497245,
   37.55202099590701,
   37.556229918862435,
   37.56332608120373,
   37.57464131666199,
   37.5920570103081,
   37.61810697721521,
   37.6559192578025,
   37.70879280101511,
   37.779245296003886,
   37.86769302767561,
   37.97144804056206,
   38.08486869226688,
   38.20080471845746,
   38.312507670380505,
   38.414983937601406,
   38.50540045206959,
   44.0
  ],
  "Qc": 1.48866853072055,
  "D": 18.33,
  "Qr": 1.65,
  "Rec": 1.0
 },
 "init": {
  "M": [
   121764.42550133573,
   3990.540219064948,
   4051.8001016203166,
   4088.2521966546046,
   4110.103917420832,
   4122.928608694405,
   4130.357354739289,
   4134.623091429496,
   4137.055395328513,
   4138.431792154687,
   4139.2023450143315,
   4139.6260468626815,
   4139.851433281281,
   4139.96352197605,
   4140.010916797047,
   4140.021383629322,
   4140.01077667259,
   4139.988145598731,
   4139.958654749822,
   4139.925250657087,
   4139.889614193661,
   3763.489450297281,
   3907.1807004420334,
   4024.584729920947,
   4121.8241651481585,
   4200.431865812198,
   4262.78469459038,
   4311.526168452089,
   4349.205669260529,
   4378.0913075291655,
   4400.099785347965,
   4416.795316036323,
   4429.423573339869,
   4438.959308100317,
   4446.155618761039,
   4451.588952382619,
   4455.697519674175,
   4458.812755500846,
   4461.18439137507,
   4463.0000678788165,
   4464.400476365876,
   4817.137703966708
  ],
  "x": [
   0.27878804519267647,
   0.3979953095257849,
   0.431285516170604,
   0.4513018242718337,
   0.46310694985169826,
   0.4699635124541583,
   0.47390635195745623,
   0.4761560305599919,
   0.4774291659010754,
   0.478141491630731,
   0.47853255542108375,
   0.4787398477395272,
   0.47884210290461127,
   0.47888434728021106,
   0.478892309007105,
   0.4788806813298894,
   0.47885785242596884,
   0.4788286096761004,
   0.47879568476678797,
   0.47876063607796704,
   0.47872435245220035,
   0.7468307783915709,
   0.8045271200003153,
   0.8504069151644312,
   0.8863192671880358,
   0.914058226032271,
   0.9352802302519064,
   0.9514044003927022,
   0.9635936266909503,
   0.9727741082553731,
   0.9796696193167582,
   0.984838369312412,
   0.9887069069146639,
   0.991599018547302,
   0.9937593064768968,
   0.995371905243297,
   0.9965750712434162,
   0.9974724144563267,
   0.9981414696777,
   0.9986401966012473,
   0.9990118869085117,
   0.9992888565048736
  ],